id,difficulty,besteffort,interupted,comment,participant,task,taskresult,task_id,participant_age,participant_experienced,taskresult_totaltime,taskresult_totalcorrect
584,1,True,False,b'',"id: 477, experienced: False, age: 24","id: 3, title: Building geometry and metadata","Task: id: 3, title: Building geometry and metadata, date: 2017-05-05 10:31:23.738558+00:00",3,24,False,38,11
734,4,False,False,b'',"id: 561, experienced: False, age: 21","id: 3, title: Building geometry and metadata","Task: id: 3, title: Building geometry and metadata, date: 2017-05-07 15:09:02.655203+00:00",3,21,False,46,9
340,3,False,False,b'',"id: 308, experienced: True, age: 24","id: 3, title: Building geometry and metadata","Task: id: 3, title: Building geometry and metadata, date: 2017-05-03 16:09:46.255116+00:00",3,24,True,53,7
639,1,True,False,b'',"id: 513, experienced: False, age: 25","id: 3, title: Building geometry and metadata","Task: id: 3, title: Building geometry and metadata, date: 2017-05-05 12:55:37.137227+00:00",3,25,False,59,11
230,3,True,False,b'',"id: 230, experienced: True, age: 29","id: 3, title: Building geometry and metadata","Task: id: 3, title: Building geometry and metadata, date: 2017-05-03 07:22:29.692708+00:00",3,29,True,71,11
701,2,True,False,b'',"id: 548, experienced: True, age: 22","id: 3, title: Building geometry and metadata","Task: id: 3, title: Building geometry and metadata, date: 2017-05-06 10:20:34.056265+00:00",3,22,True,78,11
458,1,True,False,b'',"id: 421, experienced: False, age: 22","id: 3, title: Building geometry and metadata","Task: id: 3, title: Building geometry and metadata, date: 2017-05-04 10:11:33.942502+00:00",3,22,False,81,10
241,4,True,False,b'',"id: 235, experienced: False, age: 24","id: 3, title: Building geometry and metadata","Task: id: 3, title: Building geometry and metadata, date: 2017-05-03 07:59:35.034212+00:00",3,24,False,83,8
198,5,True,False,b'',"id: 220, experienced: False, age: 25","id: 3, title: Building geometry and metadata","Task: id: 3, title: Building geometry and metadata, date: 2017-05-02 10:01:06.055626+00:00",3,25,False,84,11
226,2,True,False,b'',"id: 232, experienced: True, age: 22","id: 3, title: Building geometry and metadata","Task: id: 3, title: Building geometry and metadata, date: 2017-05-03 07:18:50.394485+00:00",3,22,True,84,8
465,3,True,False,b'',"id: 418, experienced: False, age: 32","id: 3, title: Building geometry and metadata","Task: id: 3, title: Building geometry and metadata, date: 2017-05-04 11:28:11.745690+00:00",3,32,False,87,9
415,3,False,False,b'',"id: 374, experienced: True, age: 24","id: 3, title: Building geometry and metadata","Task: id: 3, title: Building geometry and metadata, date: 2017-05-03 21:16:52.667950+00:00",3,24,True,88,8
815,4,True,False,b'would be great to be able to center the map on not-yet-processes buildings',"id: 596, experienced: True, age: 33","id: 3, title: Building geometry and metadata","Task: id: 3, title: Building geometry and metadata, date: 2017-05-08 22:07:38.431468+00:00",3,33,True,91,8
214,1,True,False,b'',"id: 226, experienced: False, age: 24","id: 3, title: Building geometry and metadata","Task: id: 3, title: Building geometry and metadata, date: 2017-05-02 11:23:09.594181+00:00",3,24,False,92,9
201,1,True,False,b'',"id: 221, experienced: True, age: 23","id: 3, title: Building geometry and metadata","Task: id: 3, title: Building geometry and metadata, date: 2017-05-02 10:28:53.756582+00:00",3,23,True,93,10
795,4,False,False,b'',"id: 575, experienced: False, age: 21","id: 3, title: Building geometry and metadata","Task: id: 3, title: Building geometry and metadata, date: 2017-05-08 11:50:50.450618+00:00",3,21,False,95,7
566,1,True,False,b'',"id: 471, experienced: True, age: 42","id: 3, title: Building geometry and metadata","Task: id: 3, title: Building geometry and metadata, date: 2017-05-05 09:56:27.882450+00:00",3,42,True,98,9
538,3,True,False,b'',"id: 459, experienced: True, age: 51","id: 3, title: Building geometry and metadata","Task: id: 3, title: Building geometry and metadata, date: 2017-05-05 07:34:48.459047+00:00",3,51,True,100,8
693,2,True,False,b'',"id: 543, experienced: False, age: 21","id: 3, title: Building geometry and metadata","Task: id: 3, title: Building geometry and metadata, date: 2017-05-06 08:15:22.645484+00:00",3,21,False,101,8
179,1,True,False,b'',"id: 208, experienced: True, age: 25","id: 3, title: Building geometry and metadata","Task: id: 3, title: Building geometry and metadata, date: 2017-05-02 09:15:20.465753+00:00",3,25,True,103,10
780,3,True,False,b'',"id: 586, experienced: False, age: 20","id: 3, title: Building geometry and metadata","Task: id: 3, title: Building geometry and metadata, date: 2017-05-08 10:18:52.063633+00:00",3,20,False,105,10
827,1,True,False,b'',"id: 601, experienced: False, age: 19","id: 3, title: Building geometry and metadata","Task: id: 3, title: Building geometry and metadata, date: 2017-05-09 13:50:55.535269+00:00",3,19,False,105,10
394,2,True,False,b'',"id: 368, experienced: True, age: 26","id: 3, title: Building geometry and metadata","Task: id: 3, title: Building geometry and metadata, date: 2017-05-03 19:53:17.985065+00:00",3,26,True,107,10
645,2,True,False,b'',"id: 516, experienced: False, age: 45","id: 3, title: Building geometry and metadata","Task: id: 3, title: Building geometry and metadata, date: 2017-05-05 13:15:17.494697+00:00",3,45,False,107,7
650,3,True,False,b'',"id: 489, experienced: False, age: 24","id: 3, title: Building geometry and metadata","Task: id: 3, title: Building geometry and metadata, date: 2017-05-05 13:38:21.116628+00:00",3,24,False,110,11
576,2,True,False,b'',"id: 473, experienced: True, age: 24","id: 3, title: Building geometry and metadata","Task: id: 3, title: Building geometry and metadata, date: 2017-05-05 10:17:36.521491+00:00",3,24,True,111,12
367,4,True,False,b'',"id: 350, experienced: True, age: 34","id: 3, title: Building geometry and metadata","Task: id: 3, title: Building geometry and metadata, date: 2017-05-03 18:34:47.689346+00:00",3,34,True,112,10
697,1,True,False,b'',"id: 547, experienced: True, age: 24","id: 3, title: Building geometry and metadata","Task: id: 3, title: Building geometry and metadata, date: 2017-05-06 10:08:23.480958+00:00",3,24,True,114,10
398,1,True,False,b'',"id: 373, experienced: True, age: 36","id: 3, title: Building geometry and metadata","Task: id: 3, title: Building geometry and metadata, date: 2017-05-03 20:16:49.255207+00:00",3,36,True,115,9
822,4,True,False,b'',"id: 598, experienced: True, age: 44","id: 3, title: Building geometry and metadata","Task: id: 3, title: Building geometry and metadata, date: 2017-05-09 08:21:01.577451+00:00",3,44,True,116,8
665,1,True,False,b'',"id: 531, experienced: False, age: 22","id: 3, title: Building geometry and metadata","Task: id: 3, title: Building geometry and metadata, date: 2017-05-05 15:29:44.034944+00:00",3,22,False,116,11
630,2,True,False,b'',"id: 507, experienced: True, age: 22","id: 3, title: Building geometry and metadata","Task: id: 3, title: Building geometry and metadata, date: 2017-05-05 12:15:43.871048+00:00",3,22,True,117,8
519,1,True,False,b'',"id: 450, experienced: True, age: 23","id: 3, title: Building geometry and metadata","Task: id: 3, title: Building geometry and metadata, date: 2017-05-05 04:40:20.441645+00:00",3,23,True,120,8
497,4,True,False,b'',"id: 441, experienced: True, age: 22","id: 3, title: Building geometry and metadata","Task: id: 3, title: Building geometry and metadata, date: 2017-05-04 15:32:42.168928+00:00",3,22,True,121,10
717,1,True,False,b'',"id: 552, experienced: False, age: 25","id: 3, title: Building geometry and metadata","Task: id: 3, title: Building geometry and metadata, date: 2017-05-06 17:00:37.372751+00:00",3,25,False,122,11
705,1,True,False,b'',"id: 549, experienced: True, age: 23","id: 3, title: Building geometry and metadata","Task: id: 3, title: Building geometry and metadata, date: 2017-05-06 11:09:30.045814+00:00",3,23,True,122,12
676,2,True,False,b'',"id: 536, experienced: False, age: 22","id: 3, title: Building geometry and metadata","Task: id: 3, title: Building geometry and metadata, date: 2017-05-05 19:20:50.645535+00:00",3,22,False,122,9
296,3,True,False,b'',"id: 273, experienced: True, age: 31","id: 3, title: Building geometry and metadata","Task: id: 3, title: Building geometry and metadata, date: 2017-05-03 12:33:40.456952+00:00",3,31,True,123,8
688,1,True,False,b'',"id: 542, experienced: False, age: 22","id: 3, title: Building geometry and metadata","Task: id: 3, title: Building geometry and metadata, date: 2017-05-06 06:55:24.450464+00:00",3,22,False,124,11
687,1,True,False,b'',"id: 542, experienced: False, age: 22","id: 3, title: Building geometry and metadata","Task: id: 3, title: Building geometry and metadata, date: 2017-05-06 06:55:24.450464+00:00",3,22,False,124,11
218,2,True,False,b'',"id: 209, experienced: False, age: 24","id: 3, title: Building geometry and metadata","Task: id: 3, title: Building geometry and metadata, date: 2017-05-02 11:55:11.191116+00:00",3,24,False,124,11
207,5,True,False,b'Skal veranda v\xe6re med..? G\xe5r det som del av shape of building? Uklart...',"id: 224, experienced: False, age: 24","id: 3, title: Building geometry and metadata","Task: id: 3, title: Building geometry and metadata, date: 2017-05-02 10:48:54.633157+00:00",3,24,False,124,9
763,2,True,False,b'',"id: 573, experienced: True, age: 30","id: 3, title: Building geometry and metadata","Task: id: 3, title: Building geometry and metadata, date: 2017-05-08 06:47:23.243297+00:00",3,30,True,126,11
459,2,True,False,b'',"id: 420, experienced: False, age: 22","id: 3, title: Building geometry and metadata","Task: id: 3, title: Building geometry and metadata, date: 2017-05-04 10:11:54.615857+00:00",3,22,False,126,8
514,4,True,False,b'',"id: 448, experienced: True, age: 22","id: 3, title: Building geometry and metadata","Task: id: 3, title: Building geometry and metadata, date: 2017-05-04 21:50:33.195212+00:00",3,22,True,127,11
426,4,True,False,b'',"id: 402, experienced: True, age: 39","id: 3, title: Building geometry and metadata","Task: id: 3, title: Building geometry and metadata, date: 2017-05-04 05:30:17.854450+00:00",3,39,True,128,8
803,3,True,False,b'',"id: 592, experienced: True, age: 25","id: 3, title: Building geometry and metadata","Task: id: 3, title: Building geometry and metadata, date: 2017-05-08 14:17:42.274407+00:00",3,25,True,129,12
291,3,True,False,b'',"id: 264, experienced: False, age: 25","id: 3, title: Building geometry and metadata","Task: id: 3, title: Building geometry and metadata, date: 2017-05-03 11:41:20.381027+00:00",3,25,False,129,7
414,3,True,False,b'',"id: 389, experienced: False, age: 27","id: 3, title: Building geometry and metadata","Task: id: 3, title: Building geometry and metadata, date: 2017-05-03 21:15:57.542433+00:00",3,27,False,129,11
768,4,True,False,b'',"id: 579, experienced: False, age: 19","id: 3, title: Building geometry and metadata","Task: id: 3, title: Building geometry and metadata, date: 2017-05-08 08:42:13.747225+00:00",3,19,False,134,10
221,4,True,False,b'',"id: 227, experienced: False, age: 30","id: 3, title: Building geometry and metadata","Task: id: 3, title: Building geometry and metadata, date: 2017-05-02 13:47:44.183761+00:00",3,30,False,134,7
601,1,True,False,b'',"id: 476, experienced: True, age: 46","id: 3, title: Building geometry and metadata","Task: id: 3, title: Building geometry and metadata, date: 2017-05-05 10:53:31.025975+00:00",3,46,True,135,8
479,1,True,False,b'',"id: 428, experienced: True, age: 36","id: 3, title: Building geometry and metadata","Task: id: 3, title: Building geometry and metadata, date: 2017-05-04 12:05:20.071040+00:00",3,36,True,135,8
206,3,True,False,b'',"id: 225, experienced: True, age: 25","id: 3, title: Building geometry and metadata","Task: id: 3, title: Building geometry and metadata, date: 2017-05-02 10:47:38.432350+00:00",3,25,True,136,11
549,2,True,False,b'',"id: 462, experienced: True, age: 39","id: 3, title: Building geometry and metadata","Task: id: 3, title: Building geometry and metadata, date: 2017-05-05 07:47:24.059484+00:00",3,39,True,136,8
725,2,False,False,b'',"id: 559, experienced: False, age: 22","id: 3, title: Building geometry and metadata","Task: id: 3, title: Building geometry and metadata, date: 2017-05-07 11:41:05.917661+00:00",3,22,False,136,10
511,1,True,False,b'',"id: 447, experienced: True, age: 23","id: 3, title: Building geometry and metadata","Task: id: 3, title: Building geometry and metadata, date: 2017-05-04 20:22:08.921739+00:00",3,23,True,137,9
581,2,True,False,b'',"id: 474, experienced: True, age: 45","id: 3, title: Building geometry and metadata","Task: id: 3, title: Building geometry and metadata, date: 2017-05-05 10:28:24.729599+00:00",3,45,True,139,9
428,4,True,False,b'',"id: 406, experienced: True, age: 34","id: 3, title: Building geometry and metadata","Task: id: 3, title: Building geometry and metadata, date: 2017-05-04 06:54:18.455165+00:00",3,34,True,140,9
184,4,True,False,b'',"id: 210, experienced: False, age: 23","id: 3, title: Building geometry and metadata","Task: id: 3, title: Building geometry and metadata, date: 2017-05-02 09:42:18.929792+00:00",3,23,False,141,8
438,2,True,False,b'',"id: 408, experienced: True, age: 37","id: 3, title: Building geometry and metadata","Task: id: 3, title: Building geometry and metadata, date: 2017-05-04 07:26:01.251471+00:00",3,37,True,144,11
478,1,True,False,b'',"id: 427, experienced: True, age: 22","id: 3, title: Building geometry and metadata","Task: id: 3, title: Building geometry and metadata, date: 2017-05-04 12:03:06.379323+00:00",3,22,True,145,10
840,2,True,False,b'',"id: 604, experienced: False, age: 44","id: 3, title: Building geometry and metadata","Task: id: 3, title: Building geometry and metadata, date: 2017-05-10 07:53:26.350567+00:00",3,44,False,148,8
737,2,True,False,b'',"id: 562, experienced: True, age: 24","id: 3, title: Building geometry and metadata","Task: id: 3, title: Building geometry and metadata, date: 2017-05-07 15:19:12.819848+00:00",3,24,True,150,10
792,3,True,False,b'',"id: 590, experienced: False, age: 31","id: 3, title: Building geometry and metadata","Task: id: 3, title: Building geometry and metadata, date: 2017-05-08 11:11:51.289874+00:00",3,31,False,152,10
419,4,True,False,b'',"id: 391, experienced: True, age: 44","id: 3, title: Building geometry and metadata","Task: id: 3, title: Building geometry and metadata, date: 2017-05-03 21:57:13.003321+00:00",3,44,True,153,12
656,3,True,False,b'',"id: 521, experienced: False, age: 21","id: 3, title: Building geometry and metadata","Task: id: 3, title: Building geometry and metadata, date: 2017-05-05 13:57:08.416532+00:00",3,21,False,153,11
487,4,True,False,b'Sometimes hard to determine whether to add terraces.',"id: 430, experienced: False, age: 20","id: 3, title: Building geometry and metadata","Task: id: 3, title: Building geometry and metadata, date: 2017-05-04 12:59:25.252009+00:00",3,20,False,154,10
485,3,True,False,b'',"id: 431, experienced: False, age: 21","id: 3, title: Building geometry and metadata","Task: id: 3, title: Building geometry and metadata, date: 2017-05-04 12:56:27.313285+00:00",3,21,False,154,10
521,4,True,False,b'',"id: 452, experienced: True, age: 38","id: 3, title: Building geometry and metadata","Task: id: 3, title: Building geometry and metadata, date: 2017-05-05 06:31:05.824291+00:00",3,38,True,154,10
353,2,True,False,b'',"id: 337, experienced: False, age: 24","id: 3, title: Building geometry and metadata","Task: id: 3, title: Building geometry and metadata, date: 2017-05-03 17:35:13.175004+00:00",3,24,False,157,10
325,2,True,False,b'',"id: 296, experienced: True, age: 43","id: 3, title: Building geometry and metadata","Task: id: 3, title: Building geometry and metadata, date: 2017-05-03 15:10:30.784334+00:00",3,43,True,157,12
806,3,True,False,b'',"id: 593, experienced: False, age: 21","id: 3, title: Building geometry and metadata","Task: id: 3, title: Building geometry and metadata, date: 2017-05-08 16:43:08.928207+00:00",3,21,False,158,12
391,2,True,False,b'',"id: 366, experienced: False, age: 29","id: 3, title: Building geometry and metadata","Task: id: 3, title: Building geometry and metadata, date: 2017-05-03 19:49:20.632227+00:00",3,29,False,159,12
189,2,True,False,b'',"id: 215, experienced: False, age: 25","id: 3, title: Building geometry and metadata","Task: id: 3, title: Building geometry and metadata, date: 2017-05-02 09:49:21.582067+00:00",3,25,False,160,10
529,2,True,False,b'',"id: 454, experienced: True, age: 40","id: 3, title: Building geometry and metadata","Task: id: 3, title: Building geometry and metadata, date: 2017-05-05 06:43:27.639834+00:00",3,40,True,165,9
683,2,True,False,b'',"id: 538, experienced: True, age: 24","id: 3, title: Building geometry and metadata","Task: id: 3, title: Building geometry and metadata, date: 2017-05-05 20:11:54.853773+00:00",3,24,True,166,11
621,1,True,False,b'',"id: 493, experienced: False, age: 53","id: 3, title: Building geometry and metadata","Task: id: 3, title: Building geometry and metadata, date: 2017-05-05 11:07:19.826576+00:00",3,53,False,166,10
832,4,True,False,b'',"id: 602, experienced: False, age: 26","id: 3, title: Building geometry and metadata","Task: id: 3, title: Building geometry and metadata, date: 2017-05-09 14:15:44.490792+00:00",3,26,False,167,11
526,4,True,False,b'',"id: 451, experienced: True, age: 43","id: 3, title: Building geometry and metadata","Task: id: 3, title: Building geometry and metadata, date: 2017-05-05 06:38:35.541600+00:00",3,43,True,168,9
319,4,True,False,b'',"id: 292, experienced: True, age: 36","id: 3, title: Building geometry and metadata","Task: id: 3, title: Building geometry and metadata, date: 2017-05-03 14:45:17.880014+00:00",3,36,True,169,6
280,3,True,False,"b'experienced some diffculties with internet connection, map was rather blurry'","id: 261, experienced: False, age: 24","id: 3, title: Building geometry and metadata","Task: id: 3, title: Building geometry and metadata, date: 2017-05-03 11:25:22.963824+00:00",3,24,False,171,8
627,3,True,False,b'',"id: 506, experienced: False, age: 27","id: 3, title: Building geometry and metadata","Task: id: 3, title: Building geometry and metadata, date: 2017-05-05 12:10:01.160022+00:00",3,27,False,171,7
652,2,True,False,b'',"id: 519, experienced: False, age: 23","id: 3, title: Building geometry and metadata","Task: id: 3, title: Building geometry and metadata, date: 2017-05-05 13:41:42.692330+00:00",3,23,False,175,11
239,2,True,False,b'',"id: 238, experienced: True, age: 32","id: 3, title: Building geometry and metadata","Task: id: 3, title: Building geometry and metadata, date: 2017-05-03 07:57:21.551473+00:00",3,32,True,179,10
712,3,True,False,b'',"id: 553, experienced: False, age: 21","id: 3, title: Building geometry and metadata","Task: id: 3, title: Building geometry and metadata, date: 2017-05-06 15:46:13.467937+00:00",3,21,False,180,10
500,3,True,False,b'',"id: 442, experienced: False, age: 24","id: 3, title: Building geometry and metadata","Task: id: 3, title: Building geometry and metadata, date: 2017-05-04 15:56:32.674876+00:00",3,24,False,182,11
286,2,True,False,b'',"id: 265, experienced: True, age: 49","id: 3, title: Building geometry and metadata","Task: id: 3, title: Building geometry and metadata, date: 2017-05-03 11:33:54.989499+00:00",3,49,True,182,11
800,1,True,False,b'',"id: 591, experienced: False, age: 40","id: 3, title: Building geometry and metadata","Task: id: 3, title: Building geometry and metadata, date: 2017-05-08 13:07:42.464134+00:00",3,40,False,184,10
748,1,True,False,b'',"id: 566, experienced: False, age: 40","id: 3, title: Building geometry and metadata","Task: id: 3, title: Building geometry and metadata, date: 2017-05-08 05:16:29.016524+00:00",3,40,False,185,9
234,2,True,False,b'',"id: 234, experienced: True, age: 24","id: 3, title: Building geometry and metadata","Task: id: 3, title: Building geometry and metadata, date: 2017-05-03 07:49:31.934750+00:00",3,24,True,185,10
548,3,True,False,b'',"id: 456, experienced: True, age: 42","id: 3, title: Building geometry and metadata","Task: id: 3, title: Building geometry and metadata, date: 2017-05-05 07:46:56.973745+00:00",3,42,True,186,11
823,1,True,False,b'',"id: 597, experienced: True, age: 34","id: 3, title: Building geometry and metadata","Task: id: 3, title: Building geometry and metadata, date: 2017-05-09 08:23:50.446389+00:00",3,34,True,186,10
559,2,True,False,b'',"id: 468, experienced: False, age: 21","id: 3, title: Building geometry and metadata","Task: id: 3, title: Building geometry and metadata, date: 2017-05-05 08:19:04.661682+00:00",3,21,False,188,12
326,2,True,False,b'',"id: 295, experienced: False, age: 50","id: 3, title: Building geometry and metadata","Task: id: 3, title: Building geometry and metadata, date: 2017-05-03 15:10:41.786423+00:00",3,50,False,190,11
283,4,False,False,b'',"id: 263, experienced: False, age: 24","id: 3, title: Building geometry and metadata","Task: id: 3, title: Building geometry and metadata, date: 2017-05-03 11:29:26.425970+00:00",3,24,False,191,10
750,4,True,False,b'',"id: 569, experienced: False, age: 47","id: 3, title: Building geometry and metadata","Task: id: 3, title: Building geometry and metadata, date: 2017-05-08 05:58:49.121903+00:00",3,47,False,192,4
408,4,True,False,b'',"id: 384, experienced: False, age: 25","id: 3, title: Building geometry and metadata","Task: id: 3, title: Building geometry and metadata, date: 2017-05-03 21:10:18.108405+00:00",3,25,False,194,8
599,2,True,False,b'',"id: 482, experienced: False, age: 24","id: 3, title: Building geometry and metadata","Task: id: 3, title: Building geometry and metadata, date: 2017-05-05 10:51:43.839381+00:00",3,24,False,197,11
304,1,True,False,b'',"id: 277, experienced: True, age: 34","id: 3, title: Building geometry and metadata","Task: id: 3, title: Building geometry and metadata, date: 2017-05-03 12:58:56.018468+00:00",3,34,True,197,10
490,3,True,False,b'I guess it was the shades that made it difficult to choose the house shapes',"id: 436, experienced: True, age: 22","id: 3, title: Building geometry and metadata","Task: id: 3, title: Building geometry and metadata, date: 2017-05-04 13:44:41.570947+00:00",3,22,True,198,10
641,4,True,False,b'',"id: 515, experienced: False, age: 20","id: 3, title: Building geometry and metadata","Task: id: 3, title: Building geometry and metadata, date: 2017-05-05 13:04:10.362257+00:00",3,20,False,199,11
533,2,True,False,b'',"id: 453, experienced: True, age: 51","id: 3, title: Building geometry and metadata","Task: id: 3, title: Building geometry and metadata, date: 2017-05-05 07:11:51.130851+00:00",3,51,True,200,9
269,3,True,False,b'',"id: 249, experienced: True, age: 23","id: 3, title: Building geometry and metadata","Task: id: 3, title: Building geometry and metadata, date: 2017-05-03 10:28:10.886245+00:00",3,23,True,202,10
403,2,True,False,b'',"id: 380, experienced: True, age: 38","id: 3, title: Building geometry and metadata","Task: id: 3, title: Building geometry and metadata, date: 2017-05-03 20:40:01.817097+00:00",3,38,True,209,5
760,3,True,False,b'',"id: 572, experienced: False, age: 22","id: 3, title: Building geometry and metadata","Task: id: 3, title: Building geometry and metadata, date: 2017-05-08 06:33:54.528398+00:00",3,22,False,209,10
335,3,True,False,b'',"id: 303, experienced: False, age: 21","id: 3, title: Building geometry and metadata","Task: id: 3, title: Building geometry and metadata, date: 2017-05-03 15:41:59.165035+00:00",3,21,False,209,9
618,4,True,False,b'',"id: 490, experienced: False, age: 50","id: 3, title: Building geometry and metadata","Task: id: 3, title: Building geometry and metadata, date: 2017-05-05 11:04:20.682931+00:00",3,50,False,210,10
505,2,True,False,b'',"id: 443, experienced: True, age: 56","id: 3, title: Building geometry and metadata","Task: id: 3, title: Building geometry and metadata, date: 2017-05-04 16:18:06.543575+00:00",3,56,True,215,9
728,3,True,False,b'',"id: 560, experienced: True, age: 22","id: 3, title: Building geometry and metadata","Task: id: 3, title: Building geometry and metadata, date: 2017-05-07 14:15:26.390554+00:00",3,22,True,217,11
245,4,True,False,b'',"id: 236, experienced: True, age: 25","id: 3, title: Building geometry and metadata","Task: id: 3, title: Building geometry and metadata, date: 2017-05-03 08:05:36.784417+00:00",3,25,True,217,10
364,3,True,False,b'',"id: 340, experienced: True, age: 40","id: 3, title: Building geometry and metadata","Task: id: 3, title: Building geometry and metadata, date: 2017-05-03 17:58:42.446365+00:00",3,40,True,218,8
312,1,True,False,b'',"id: 284, experienced: True, age: 45","id: 3, title: Building geometry and metadata","Task: id: 3, title: Building geometry and metadata, date: 2017-05-03 13:57:22.967173+00:00",3,45,True,218,10
264,2,True,False,b'',"id: 250, experienced: True, age: 23","id: 3, title: Building geometry and metadata","Task: id: 3, title: Building geometry and metadata, date: 2017-05-03 10:13:16.286662+00:00",3,23,True,220,10
432,2,True,False,b'',"id: 407, experienced: False, age: 26","id: 3, title: Building geometry and metadata","Task: id: 3, title: Building geometry and metadata, date: 2017-05-04 07:18:05.898450+00:00",3,26,False,224,8
192,2,True,False,b'',"id: 219, experienced: False, age: 24","id: 3, title: Building geometry and metadata","Task: id: 3, title: Building geometry and metadata, date: 2017-05-02 09:54:06.387525+00:00",3,24,False,225,10
783,3,True,False,b'',"id: 588, experienced: False, age: 25","id: 3, title: Building geometry and metadata","Task: id: 3, title: Building geometry and metadata, date: 2017-05-08 10:23:18.564586+00:00",3,25,False,225,7
846,5,True,False,b'',"id: 611, experienced: True, age: 44","id: 3, title: Building geometry and metadata","Task: id: 3, title: Building geometry and metadata, date: 2017-05-10 13:20:16.198255+00:00",3,44,True,225,9
348,1,True,False,b'',"id: 313, experienced: False, age: -25","id: 3, title: Building geometry and metadata","Task: id: 3, title: Building geometry and metadata, date: 2017-05-03 17:13:36.752400+00:00",3,-25,False,228,8
667,2,True,False,b'Some of the adresses during task 2 were gibberish.',"id: 532, experienced: False, age: 24","id: 3, title: Building geometry and metadata","Task: id: 3, title: Building geometry and metadata, date: 2017-05-05 16:26:17.836400+00:00",3,24,False,229,12
812,2,True,False,b'',"id: 594, experienced: True, age: 50","id: 3, title: Building geometry and metadata","Task: id: 3, title: Building geometry and metadata, date: 2017-05-08 19:58:44.077850+00:00",3,50,True,239,9
741,3,True,False,b'',"id: 563, experienced: True, age: 46","id: 3, title: Building geometry and metadata","Task: id: 3, title: Building geometry and metadata, date: 2017-05-07 18:14:44.683951+00:00",3,46,True,241,10
258,2,True,False,b'',"id: 245, experienced: True, age: 42","id: 3, title: Building geometry and metadata","Task: id: 3, title: Building geometry and metadata, date: 2017-05-03 09:25:10.264095+00:00",3,42,True,258,7
614,3,True,False,b'',"id: 491, experienced: False, age: 26","id: 3, title: Building geometry and metadata","Task: id: 3, title: Building geometry and metadata, date: 2017-05-05 11:01:05.868212+00:00",3,26,False,265,11
359,1,True,False,b'',"id: 341, experienced: True, age: 47","id: 3, title: Building geometry and metadata","Task: id: 3, title: Building geometry and metadata, date: 2017-05-03 17:48:05.162682+00:00",3,47,True,273,7
553,2,True,False,b'',"id: 465, experienced: True, age: 44","id: 3, title: Building geometry and metadata","Task: id: 3, title: Building geometry and metadata, date: 2017-05-05 08:06:40.134287+00:00",3,44,True,274,10
672,4,True,False,b'',"id: 534, experienced: True, age: 36","id: 3, title: Building geometry and metadata","Task: id: 3, title: Building geometry and metadata, date: 2017-05-05 18:07:07.736920+00:00",3,36,True,282,10
378,5,True,False,b'',"id: 355, experienced: True, age: 29","id: 3, title: Building geometry and metadata","Task: id: 3, title: Building geometry and metadata, date: 2017-05-03 19:01:14.345753+00:00",3,29,True,286,9
785,1,True,False,b'',"id: 589, experienced: True, age: 52","id: 3, title: Building geometry and metadata","Task: id: 3, title: Building geometry and metadata, date: 2017-05-08 10:27:38.242382+00:00",3,52,True,286,12
315,2,True,False,b'',"id: 283, experienced: True, age: 54","id: 3, title: Building geometry and metadata","Task: id: 3, title: Building geometry and metadata, date: 2017-05-03 14:01:27.578499+00:00",3,54,True,286,9
507,2,True,False,b'',"id: 446, experienced: True, age: 47","id: 3, title: Building geometry and metadata","Task: id: 3, title: Building geometry and metadata, date: 2017-05-04 19:17:01.570303+00:00",3,47,True,289,11
350,3,True,False,"b'Del 2 er litt forvirrende. Mange av linjene passer for eksempel veldig bra til eiendommer, men ikke like godt til bygninger.'","id: 333, experienced: True, age: 27","id: 3, title: Building geometry and metadata","Task: id: 3, title: Building geometry and metadata, date: 2017-05-03 17:29:09.917252+00:00",3,27,True,290,8
371,3,True,False,b'',"id: 351, experienced: True, age: 40","id: 3, title: Building geometry and metadata","Task: id: 3, title: Building geometry and metadata, date: 2017-05-03 18:41:25.739729+00:00",3,40,True,299,10
571,2,True,False,b'',"id: 472, experienced: True, age: 34","id: 3, title: Building geometry and metadata","Task: id: 3, title: Building geometry and metadata, date: 2017-05-05 10:11:11.620016+00:00",3,34,True,303,9
249,3,True,False,b'',"id: 244, experienced: False, age: 27","id: 3, title: Building geometry and metadata","Task: id: 3, title: Building geometry and metadata, date: 2017-05-03 09:02:49.019616+00:00",3,27,False,322,9
343,4,True,False,b'',"id: 306, experienced: True, age: 46","id: 3, title: Building geometry and metadata","Task: id: 3, title: Building geometry and metadata, date: 2017-05-03 16:21:57.847912+00:00",3,46,True,346,11
383,3,True,False,b'',"id: 358, experienced: True, age: 23","id: 3, title: Building geometry and metadata","Task: id: 3, title: Building geometry and metadata, date: 2017-05-03 19:12:24.973602+00:00",3,23,True,358,9
707,3,True,False,b'',"id: 551, experienced: False, age: 20","id: 3, title: Building geometry and metadata","Task: id: 3, title: Building geometry and metadata, date: 2017-05-06 13:27:55.017042+00:00",3,20,False,365,9
272,3,True,False,b'',"id: 252, experienced: True, age: 24","id: 3, title: Building geometry and metadata","Task: id: 3, title: Building geometry and metadata, date: 2017-05-03 10:41:22.223436+00:00",3,24,True,371,11
722,3,True,False,b'',"id: 556, experienced: True, age: 54","id: 3, title: Building geometry and metadata","Task: id: 3, title: Building geometry and metadata, date: 2017-05-07 08:03:53.039711+00:00",3,54,True,463,7
771,3,True,False,b'',"id: 578, experienced: False, age: 19","id: 3, title: Building geometry and metadata","Task: id: 3, title: Building geometry and metadata, date: 2017-05-08 08:48:55.928973+00:00",3,19,False,529,10
